Dia,Cuartel,Valor
Dia 13,cuartel_55,2846880.0
Dia 16,cuartel_1,1900000.0
Dia 16,cuartel_38,1866000.0
Dia 17,cuartel_49,1884571.4285714284
Dia 22,cuartel_56,915857.142857143
Dia 23,cuartel_51,2220720.0
Dia 25,cuartel_31,1517428.5714285714
Dia 25,cuartel_56,1017857.1428571428
Dia 26,cuartel_19,2088000.0
Dia 27,cuartel_9,2161680.0
Dia 28,cuartel_44,1037040.0
Dia 29,cuartel_6,1425000.0
Dia 29,cuartel_20,1897142.8571428573
Dia 29,cuartel_25,1724399.9999999998
Dia 29,cuartel_40,483809.5238095236
Dia 30,cuartel_60,1663428.5714285714
Dia 31,cuartel_18,1425000.0
Dia 32,cuartel_5,1659047.619047619
Dia 32,cuartel_7,2385000.0000000005
Dia 32,cuartel_40,1209904.7619047621
Dia 34,cuartel_5,99809.52380952399
Dia 34,cuartel_7,192428.57142857113
Dia 34,cuartel_16,1864400.0
Dia 34,cuartel_17,1816500.0000000002
Dia 34,cuartel_57,1685904.7619047617
Dia 35,cuartel_14,2082285.7142857143
Dia 35,cuartel_23,180571.42857142838
Dia 35,cuartel_57,118095.23809523831
Dia 36,cuartel_58,1964571.4285714286
Dia 37,cuartel_15,1988571.4285714284
Dia 37,cuartel_17,20357.142857142866
Dia 37,cuartel_23,1785714.2857142854
Dia 39,cuartel_3,1950000.0
Dia 39,cuartel_29,1836000.0
Dia 41,cuartel_42,1242240.0
Dia 41,cuartel_47,983280.0
Dia 41,cuartel_54,1228320.0
Dia 42,cuartel_22,2169360.0
Dia 42,cuartel_29,80640.00000000007
Dia 44,cuartel_33,2223642.8571428577
Dia 44,cuartel_43,2047679.9999999998
Dia 45,cuartel_41,838571.4285714289
Dia 46,cuartel_2,1720285.7142857143
Dia 46,cuartel_11,1834400.0
Dia 46,cuartel_41,958285.7142857142
Dia 47,cuartel_33,133214.28571428536
Dia 47,cuartel_53,1875714.285714286
Dia 48,cuartel_46,1687600.0
Dia 48,cuartel_59,1504800.0
Dia 49,cuartel_28,1266666.6666666667
Dia 50,cuartel_4,2135280.0
Dia 50,cuartel_52,2052000.0
Dia 51,cuartel_39,1425000.0
Dia 52,cuartel_35,1266666.6666666667
Dia 54,cuartel_24,1507936.5079365082
Dia 54,cuartel_37,1507936.5079365082
Dia 56,cuartel_10,2850000.0
Dia 58,cuartel_27,1425000.0
Dia 59,cuartel_10,174240.00000000012
Dia 59,cuartel_30,2022000.0
Dia 59,cuartel_34,1994880.0
Dia 63,cuartel_48,1923428.5714285714
Dia 64,cuartel_8,69333.33333333324
Dia 64,cuartel_21,1846399.9999999998
Dia 64,cuartel_32,2880480.0
Dia 66,cuartel_13,1845428.5714285716
Dia 68,cuartel_8,1266666.6666666667
Dia 68,cuartel_26,2027039.9999999998
Dia 69,cuartel_45,2016000.0
Dia 69,cuartel_50,2168160.0
Dia 73,cuartel_36,1507936.5079365082
Dia 75,cuartel_12,535650.7936507936
Dia 75,cuartel_36,178634.92063492065
Dia 76,cuartel_12,1343492.0634920634
